workload,variant,structure,n,time_s,steps,moves,comparisons
W1,-,DynamicArray,100,0.000063959,10000,0,0
W1,-,MyLinkedList,100,0.000921625,501327,0,0
W2,-,DynamicArray,100,0.000088125,75042,0,75042
W2,-,MyLinkedList,100,0.000285250,74542,0,75042
W3,head,DynamicArray,100,0.000431542,1201120,1200120,0
W3,head,MyLinkedList,100,0.000038292,1000,3000,0
W3,middle,DynamicArray,100,0.000398167,1101120,1100120,0
W3,middle,MyLinkedList,100,0.000168209,101000,3000,0
W4,-,MinHeap,100,0.000010917,2002,1267,1035
W1,-,DynamicArray,1000,0.000126750,10000,0,0
W1,-,MyLinkedList,1000,0.005363625,5011262,0,0
W2,-,DynamicArray,1000,0.000438791,737009,0,737009
W2,-,MyLinkedList,1000,0.002327500,736509,0,737009
W3,head,DynamicArray,1000,0.001003584,3001280,3000280,0
W3,head,MyLinkedList,1000,0.000027125,1000,3000,0
W3,middle,DynamicArray,1000,0.000684333,2001280,2000280,0
W3,middle,MyLinkedList,1000,0.000786125,1001000,3000,0
W4,-,MinHeap,1000,0.000122666,30227,19463,17226
W1,-,DynamicArray,10000,0.000088875,10000,0,0
W1,-,MyLinkedList,10000,0.107647667,50178951,0,0
W2,-,DynamicArray,10000,0.003986375,7441765,0,7441765
W2,-,MyLinkedList,10000,0.022043042,7441265,0,7441765
W3,head,DynamicArray,10000,0.006336167,21010240,21009240,0
W3,head,MyLinkedList,10000,0.000016041,1000,3000,0
W3,middle,DynamicArray,10000,0.003297000,11010240,11009240,0
W3,middle,MyLinkedList,10000,0.004211625,10001000,3000,0
W4,-,MinHeap,10000,0.001319542,400526,259325,239329
W1,-,DynamicArray,100000,0.000034083,10000,0,0
W1,-,MyLinkedList,100000,1.341351250,504930938,0,0
W2,-,DynamicArray,100000,0.039998541,73682044,0,73682044
W2,-,MyLinkedList,100000,0.215896000,73681544,0,73682044
W3,head,DynamicArray,100000,0.065012334,201000000,200999000,0
W3,head,MyLinkedList,100000,0.000026583,1000,3000,0
W3,middle,DynamicArray,100000,0.039364750,101000000,100999000,0
W3,middle,MyLinkedList,100000,0.276267917,100001000,3000,0
W4,-,MinHeap,100000,0.015574000,5066353,3320189,3059125
